CREATE DATABASE  IF NOT EXISTS `library` /*!40100 DEFAULT CHARACTER SET utf8mb4 COLLATE utf8mb4_0900_ai_ci */ /*!80016 DEFAULT ENCRYPTION='N' */;
USE `library`;
-- MySQL dump 10.13  Distrib 8.0.25, for Win64 (x86_64)
--
-- Host: 127.0.0.1    Database: library
-- ------------------------------------------------------
-- Server version	8.0.25

/*!40101 SET @OLD_CHARACTER_SET_CLIENT=@@CHARACTER_SET_CLIENT */;
/*!40101 SET @OLD_CHARACTER_SET_RESULTS=@@CHARACTER_SET_RESULTS */;
/*!40101 SET @OLD_COLLATION_CONNECTION=@@COLLATION_CONNECTION */;
/*!50503 SET NAMES utf8 */;
/*!40103 SET @OLD_TIME_ZONE=@@TIME_ZONE */;
/*!40103 SET TIME_ZONE='+00:00' */;
/*!40014 SET @OLD_UNIQUE_CHECKS=@@UNIQUE_CHECKS, UNIQUE_CHECKS=0 */;
/*!40014 SET @OLD_FOREIGN_KEY_CHECKS=@@FOREIGN_KEY_CHECKS, FOREIGN_KEY_CHECKS=0 */;
/*!40101 SET @OLD_SQL_MODE=@@SQL_MODE, SQL_MODE='NO_AUTO_VALUE_ON_ZERO' */;
/*!40111 SET @OLD_SQL_NOTES=@@SQL_NOTES, SQL_NOTES=0 */;

--
-- Table structure for table `tbl_author`
--

DROP TABLE IF EXISTS `tbl_author`;
/*!40101 SET @saved_cs_client     = @@character_set_client */;
/*!50503 SET character_set_client = utf8mb4 */;
CREATE TABLE `tbl_author` (
  `authorId` int NOT NULL AUTO_INCREMENT,
  `authorName` varchar(45) NOT NULL,
  PRIMARY KEY (`authorId`)
) ENGINE=InnoDB AUTO_INCREMENT=53 DEFAULT CHARSET=latin1;
/*!40101 SET character_set_client = @saved_cs_client */;

--
-- Dumping data for table `tbl_author`
--

LOCK TABLES `tbl_author` WRITE;
/*!40000 ALTER TABLE `tbl_author` DISABLE KEYS */;
INSERT INTO `tbl_author` VALUES (1,'Adam Smith'),(2,'Karl Marx'),(3,'Richard Adams'),(4,'Robert C. O\'Brien'),(5,'Carl von Clausewitz'),(6,'Vladimir Lenin'),(7,'Max Stirner'),(10,'John Donne'),(28,'Friedrich Nietzsche'),(30,'Friedrich Engels');
/*!40000 ALTER TABLE `tbl_author` ENABLE KEYS */;
UNLOCK TABLES;

--
-- Table structure for table `tbl_book`
--

DROP TABLE IF EXISTS `tbl_book`;
/*!40101 SET @saved_cs_client     = @@character_set_client */;
/*!50503 SET character_set_client = utf8mb4 */;
CREATE TABLE `tbl_book` (
  `bookId` int NOT NULL AUTO_INCREMENT,
  `title` varchar(45) NOT NULL,
  `pubId` int DEFAULT NULL,
  PRIMARY KEY (`bookId`),
  KEY `fk_publisher` (`pubId`),
  CONSTRAINT `fk_publisher` FOREIGN KEY (`pubId`) REFERENCES `tbl_publisher` (`publisherId`) ON DELETE CASCADE ON UPDATE CASCADE
) ENGINE=InnoDB AUTO_INCREMENT=39 DEFAULT CHARSET=latin1;
/*!40101 SET character_set_client = @saved_cs_client */;

--
-- Dumping data for table `tbl_book`
--

LOCK TABLES `tbl_book` WRITE;
/*!40000 ALTER TABLE `tbl_book` DISABLE KEYS */;
INSERT INTO `tbl_book` VALUES (23,'Watership Down',7),(24,'Mrs. Frisby and the Rats of NIMH',3),(25,'The Ego and its Own',2),(26,'Das Kapital',1),(27,'The Communist Manifesto',1),(28,'On War',3),(29,'The Wealth of Nations',3);
/*!40000 ALTER TABLE `tbl_book` ENABLE KEYS */;
UNLOCK TABLES;

--
-- Table structure for table `tbl_book_authors`
--

DROP TABLE IF EXISTS `tbl_book_authors`;
/*!40101 SET @saved_cs_client     = @@character_set_client */;
/*!50503 SET character_set_client = utf8mb4 */;
CREATE TABLE `tbl_book_authors` (
  `bookId` int NOT NULL,
  `authorId` int NOT NULL,
  PRIMARY KEY (`bookId`,`authorId`),
  KEY `fk_tbl_book_authors_tbl_author1_idx` (`authorId`),
  CONSTRAINT `fk_tbl_book_authors_tbl_author1` FOREIGN KEY (`authorId`) REFERENCES `tbl_author` (`authorId`) ON DELETE CASCADE ON UPDATE CASCADE,
  CONSTRAINT `fk_tbl_book_authors_tbl_book1` FOREIGN KEY (`bookId`) REFERENCES `tbl_book` (`bookId`) ON DELETE CASCADE ON UPDATE CASCADE
) ENGINE=InnoDB DEFAULT CHARSET=utf8mb4 COLLATE=utf8mb4_0900_ai_ci;
/*!40101 SET character_set_client = @saved_cs_client */;

--
-- Dumping data for table `tbl_book_authors`
--

LOCK TABLES `tbl_book_authors` WRITE;
/*!40000 ALTER TABLE `tbl_book_authors` DISABLE KEYS */;
INSERT INTO `tbl_book_authors` VALUES (29,1),(26,2),(27,2),(23,3),(24,4),(28,5),(25,7),(27,30);
/*!40000 ALTER TABLE `tbl_book_authors` ENABLE KEYS */;
UNLOCK TABLES;

--
-- Table structure for table `tbl_book_copies`
--

DROP TABLE IF EXISTS `tbl_book_copies`;
/*!40101 SET @saved_cs_client     = @@character_set_client */;
/*!50503 SET character_set_client = utf8mb4 */;
CREATE TABLE `tbl_book_copies` (
  `bookId` int NOT NULL,
  `branchId` int NOT NULL,
  `noOfCopies` int DEFAULT NULL,
  PRIMARY KEY (`bookId`,`branchId`),
  KEY `fk_bc_book` (`bookId`),
  KEY `fk_bc_branch` (`branchId`),
  CONSTRAINT `fk_bc_book` FOREIGN KEY (`bookId`) REFERENCES `tbl_book` (`bookId`) ON DELETE CASCADE ON UPDATE CASCADE,
  CONSTRAINT `fk_bc_branch` FOREIGN KEY (`branchId`) REFERENCES `tbl_library_branch` (`branchId`) ON DELETE CASCADE ON UPDATE CASCADE
) ENGINE=InnoDB DEFAULT CHARSET=latin1;
/*!40101 SET character_set_client = @saved_cs_client */;

--
-- Dumping data for table `tbl_book_copies`
--

LOCK TABLES `tbl_book_copies` WRITE;
/*!40000 ALTER TABLE `tbl_book_copies` DISABLE KEYS */;
INSERT INTO `tbl_book_copies` VALUES (23,1,0),(23,3,4),(23,5,5),(24,1,1),(24,3,6),(25,1,0),(25,3,1),(25,5,2),(26,1,1),(27,1,1),(27,3,1),(27,5,1),(28,1,5),(28,3,1),(29,1,0),(29,3,1),(29,5,1);
/*!40000 ALTER TABLE `tbl_book_copies` ENABLE KEYS */;
UNLOCK TABLES;

--
-- Table structure for table `tbl_book_genres`
--

DROP TABLE IF EXISTS `tbl_book_genres`;
/*!40101 SET @saved_cs_client     = @@character_set_client */;
/*!50503 SET character_set_client = utf8mb4 */;
CREATE TABLE `tbl_book_genres` (
  `genre_id` int NOT NULL,
  `bookId` int NOT NULL,
  PRIMARY KEY (`genre_id`,`bookId`),
  KEY `fk_tbl_book_genres_tbl_book1_idx` (`bookId`),
  CONSTRAINT `fk_tbl_book_genres_tbl_book1` FOREIGN KEY (`bookId`) REFERENCES `tbl_book` (`bookId`) ON DELETE CASCADE ON UPDATE CASCADE,
  CONSTRAINT `fk_tbl_book_genres_tbl_genre1` FOREIGN KEY (`genre_id`) REFERENCES `tbl_genre` (`genre_id`) ON DELETE CASCADE ON UPDATE CASCADE
) ENGINE=InnoDB DEFAULT CHARSET=utf8mb4 COLLATE=utf8mb4_0900_ai_ci;
/*!40101 SET character_set_client = @saved_cs_client */;

--
-- Dumping data for table `tbl_book_genres`
--

LOCK TABLES `tbl_book_genres` WRITE;
/*!40000 ALTER TABLE `tbl_book_genres` DISABLE KEYS */;
INSERT INTO `tbl_book_genres` VALUES (10,23),(10,24),(4,25),(5,25),(4,26),(5,26),(8,26),(4,27),(5,27),(4,28),(5,28),(4,29),(5,29),(8,29);
/*!40000 ALTER TABLE `tbl_book_genres` ENABLE KEYS */;
UNLOCK TABLES;

--
-- Table structure for table `tbl_book_loans`
--

DROP TABLE IF EXISTS `tbl_book_loans`;
/*!40101 SET @saved_cs_client     = @@character_set_client */;
/*!50503 SET character_set_client = utf8mb4 */;
CREATE TABLE `tbl_book_loans` (
  `bookId` int NOT NULL,
  `branchId` int NOT NULL,
  `cardNo` int NOT NULL,
  `dateOut` datetime DEFAULT NULL,
  `dueDate` datetime DEFAULT NULL,
  `dateIn` datetime DEFAULT NULL,
  PRIMARY KEY (`bookId`,`branchId`,`cardNo`),
  KEY `fk_bl_book` (`bookId`),
  KEY `fk_bl_branch` (`branchId`),
  KEY `fk_bl_borrower` (`cardNo`),
  CONSTRAINT `fk_bl_book` FOREIGN KEY (`bookId`) REFERENCES `tbl_book` (`bookId`) ON DELETE CASCADE ON UPDATE CASCADE,
  CONSTRAINT `fk_bl_borrower` FOREIGN KEY (`cardNo`) REFERENCES `tbl_borrower` (`cardNo`) ON DELETE CASCADE ON UPDATE CASCADE,
  CONSTRAINT `fk_bl_branch` FOREIGN KEY (`branchId`) REFERENCES `tbl_library_branch` (`branchId`) ON DELETE CASCADE ON UPDATE CASCADE
) ENGINE=InnoDB DEFAULT CHARSET=latin1;
/*!40101 SET character_set_client = @saved_cs_client */;

--
-- Dumping data for table `tbl_book_loans`
--

LOCK TABLES `tbl_book_loans` WRITE;
/*!40000 ALTER TABLE `tbl_book_loans` DISABLE KEYS */;
INSERT INTO `tbl_book_loans` VALUES (24,1,6,'2021-07-23 03:27:18','2021-07-30 03:27:18',NULL),(26,1,6,'2021-07-23 03:28:07','2021-07-30 03:28:07',NULL),(27,1,4,'2021-07-20 17:32:30','2021-07-27 17:32:30','2021-07-20 17:40:29'),(27,3,4,'2021-07-20 01:39:58','2021-07-27 01:39:58','2021-07-20 17:32:21'),(29,1,4,'2021-07-20 01:39:52','2021-07-27 01:39:52','2021-07-20 17:32:02'),(29,1,6,'2021-07-23 03:27:56','2021-07-30 03:27:56',NULL);
/*!40000 ALTER TABLE `tbl_book_loans` ENABLE KEYS */;
UNLOCK TABLES;

--
-- Table structure for table `tbl_borrower`
--

DROP TABLE IF EXISTS `tbl_borrower`;
/*!40101 SET @saved_cs_client     = @@character_set_client */;
/*!50503 SET character_set_client = utf8mb4 */;
CREATE TABLE `tbl_borrower` (
  `cardNo` int NOT NULL AUTO_INCREMENT,
  `name` varchar(45) DEFAULT NULL,
  `address` varchar(45) DEFAULT NULL,
  `phone` varchar(45) DEFAULT NULL,
  PRIMARY KEY (`cardNo`)
) ENGINE=InnoDB AUTO_INCREMENT=10 DEFAULT CHARSET=latin1;
/*!40101 SET character_set_client = @saved_cs_client */;

--
-- Dumping data for table `tbl_borrower`
--

LOCK TABLES `tbl_borrower` WRITE;
/*!40000 ALTER TABLE `tbl_borrower` DISABLE KEYS */;
INSERT INTO `tbl_borrower` VALUES (1,'Will Smith','Los Angeles, California','(310) 438-6821'),(4,'Adam Walker','New York, New York','(212) 555-4834'),(6,'Henry Arjet','Austin, TX','(512) 800-1621'),(9,'Fidel Castro','Havana, Cuba','+53 (7) 555-1959');
/*!40000 ALTER TABLE `tbl_borrower` ENABLE KEYS */;
UNLOCK TABLES;

--
-- Table structure for table `tbl_genre`
--

DROP TABLE IF EXISTS `tbl_genre`;
/*!40101 SET @saved_cs_client     = @@character_set_client */;
/*!50503 SET character_set_client = utf8mb4 */;
CREATE TABLE `tbl_genre` (
  `genre_id` int NOT NULL AUTO_INCREMENT,
  `genre_name` varchar(45) DEFAULT NULL,
  PRIMARY KEY (`genre_id`)
) ENGINE=InnoDB AUTO_INCREMENT=20 DEFAULT CHARSET=utf8mb4 COLLATE=utf8mb4_0900_ai_ci;
/*!40101 SET character_set_client = @saved_cs_client */;

--
-- Dumping data for table `tbl_genre`
--

LOCK TABLES `tbl_genre` WRITE;
/*!40000 ALTER TABLE `tbl_genre` DISABLE KEYS */;
INSERT INTO `tbl_genre` VALUES (1,'Magical Realism'),(4,'Non-Fiction'),(5,'Philosophy'),(8,'Economics'),(9,'Poetry'),(10,'Fantasy');
/*!40000 ALTER TABLE `tbl_genre` ENABLE KEYS */;
UNLOCK TABLES;

--
-- Table structure for table `tbl_library_branch`
--

DROP TABLE IF EXISTS `tbl_library_branch`;
/*!40101 SET @saved_cs_client     = @@character_set_client */;
/*!50503 SET character_set_client = utf8mb4 */;
CREATE TABLE `tbl_library_branch` (
  `branchId` int NOT NULL AUTO_INCREMENT,
  `branchName` varchar(45) DEFAULT NULL,
  `branchAddress` varchar(45) DEFAULT NULL,
  PRIMARY KEY (`branchId`)
) ENGINE=InnoDB AUTO_INCREMENT=9 DEFAULT CHARSET=latin1;
/*!40101 SET character_set_client = @saved_cs_client */;

--
-- Dumping data for table `tbl_library_branch`
--

LOCK TABLES `tbl_library_branch` WRITE;
/*!40000 ALTER TABLE `tbl_library_branch` DISABLE KEYS */;
INSERT INTO `tbl_library_branch` VALUES (1,'Austin Central','Austin, Texas'),(3,'Twin Oaks','Austin, Texas'),(5,'Northtown','Chicago, Illinois');
/*!40000 ALTER TABLE `tbl_library_branch` ENABLE KEYS */;
UNLOCK TABLES;

--
-- Table structure for table `tbl_publisher`
--

DROP TABLE IF EXISTS `tbl_publisher`;
/*!40101 SET @saved_cs_client     = @@character_set_client */;
/*!50503 SET character_set_client = utf8mb4 */;
CREATE TABLE `tbl_publisher` (
  `publisherId` int NOT NULL AUTO_INCREMENT,
  `publisherName` varchar(45) NOT NULL,
  `publisherAddress` varchar(45) DEFAULT NULL,
  `publisherPhone` varchar(45) DEFAULT NULL,
  PRIMARY KEY (`publisherId`)
) ENGINE=InnoDB AUTO_INCREMENT=14 DEFAULT CHARSET=latin1;
/*!40101 SET character_set_client = @saved_cs_client */;

--
-- Dumping data for table `tbl_publisher`
--

LOCK TABLES `tbl_publisher` WRITE;
/*!40000 ALTER TABLE `tbl_publisher` DISABLE KEYS */;
INSERT INTO `tbl_publisher` VALUES (1,'Red Giant Publishing','New York, New York','(800) 583-1435'),(2,'Ordered House Publishing','Los Angeles, California','(800) 134-2941'),(3,'Falcon Distribution','Chicago, Illinois','(888) 126-8315'),(7,'Athena Books','Austin, Texas','(512) 800-1621');
/*!40000 ALTER TABLE `tbl_publisher` ENABLE KEYS */;
UNLOCK TABLES;
/*!40103 SET TIME_ZONE=@OLD_TIME_ZONE */;

/*!40101 SET SQL_MODE=@OLD_SQL_MODE */;
/*!40014 SET FOREIGN_KEY_CHECKS=@OLD_FOREIGN_KEY_CHECKS */;
/*!40014 SET UNIQUE_CHECKS=@OLD_UNIQUE_CHECKS */;
/*!40101 SET CHARACTER_SET_CLIENT=@OLD_CHARACTER_SET_CLIENT */;
/*!40101 SET CHARACTER_SET_RESULTS=@OLD_CHARACTER_SET_RESULTS */;
/*!40101 SET COLLATION_CONNECTION=@OLD_COLLATION_CONNECTION */;
/*!40111 SET SQL_NOTES=@OLD_SQL_NOTES */;

-- Dump completed on 2021-07-23  1:11:53
